{
  "server_base_env": "GLUCOSE_API_BASE_URL",
  "predict_path": "/predict-glucose",
  "allowed_meal_types": [
    "breakfast",
    "dinner",
    "lunch"
  ],
  "test_rows_total": 252,
  "test_rows_valid": 252,
  "test_subjects": 9,
  "results": {
    "delta30": {
      "mae": 22.453227513227514,
      "rmse": 28.999423682164913,
      "r2": 0.11943399774762498
    },
    "delta60": {
      "mae": 37.23187830687831,
      "rmse": 47.797098601738035,
      "r2": 0.031217798570434385
    },
    "delta120": {
      "mae": 27.415,
      "rmse": 37.98295739846604,
      "r2": 0.39619662235090114
    },
    "peakDelta": {
      "mae": 25.616084656084656,
      "rmse": 35.006121873276705,
      "r2": 0.39175385043445643
    },
    "peakMinute": {
      "mae": 29.166666666666668,
      "rmse": 34.54557606115181,
      "r2": 0.011824740408556189,
      "exact_match": 0.007936507936507936,
      "within_5min": 0.1111111111111111,
      "within_10min": 0.21031746031746032,
      "within_15min": 0.2976190476190476
    }
  }
}