{
  "dataset_name": "meal_glucose_with_gender",
  "test_rows": 252,
  "direct_peak_delta": {
    "mae": 25.617088467599224,
    "rmse": 35.007625893398945,
    "r2": 0.3917015833422146
  },
  "heuristic_peak_delta": {
    "mae": 27.854259259259255,
    "rmse": 38.775760849443856,
    "r2": 0.2537024362856519
  },
  "direct_peak_minute": {
    "mae": 29.166666666666668,
    "rmse": 34.54557606115181,
    "exact_match": 0.007936507936507936,
    "within_5min": 0.1111111111111111,
    "within_10min": 0.21031746031746032,
    "within_15min": 0.2976190476190476
  },
  "heuristic_peak_minute": {
    "mae": 30.92063492063492,
    "rmse": 37.16330328578329,
    "exact_match": 0.003968253968253968,
    "within_5min": 0.10317460317460317,
    "within_10min": 0.1865079365079365,
    "within_15min": 0.26587301587301587
  },
  "peak_minute_params": {
    "iterations": 400,
    "depth": 6,
    "learning_rate": 0.03,
    "l2_leaf_reg": 5,
    "subsample": 0.9
  }
}