{
  "dataset_name": "meal_glucose_with_gender",
  "input_csv": "meal_glucose_with_gender.csv",
  "train_data_name": "meal_glucose_with_gender_train.csv",
  "test_data_name": "meal_glucose_with_gender_test.csv",
  "allowed_meal_types": [
    "breakfast",
    "dinner",
    "lunch"
  ],
  "features": [
    "meal_type",
    "total_kcal",
    "total_carbs",
    "effective_carbs",
    "total_protein",
    "total_fat",
    "total_fiber",
    "baseline_glucose",
    "sex"
  ],
  "targets": [
    "delta_30",
    "delta_60",
    "delta_120",
    "peak_delta",
    "peak_minute"
  ],
  "rows_total": 1205,
  "rows_train": 953,
  "rows_test": 252,
  "subjects_total": 45,
  "subjects_train": 36,
  "subjects_test": 9,
  "test_subject_list": [
    "CGMacros-005",
    "CGMacros-009",
    "CGMacros-013",
    "CGMacros-028",
    "CGMacros-029",
    "CGMacros-039",
    "CGMacros-044",
    "CGMacros-046",
    "CGMacros-048"
  ],
  "results": {
    "delta_30": {
      "mae": 20.686618690887844,
      "rmse": 27.44723866721895,
      "r2": 0.21117530695877196
    },
    "delta_60": {
      "mae": 34.96199281525053,
      "rmse": 44.400565918013825,
      "r2": 0.16401190469018723
    },
    "delta_120": {
      "mae": 27.220188983927585,
      "rmse": 38.232777495393016,
      "r2": 0.38822787607030085
    },
    "peak_delta": {
      "mae": 25.617088467599224,
      "rmse": 35.007625893398945,
      "r2": 0.3917015833422146
    },
    "peak_minute": {
      "mae": 29.164376573916062,
      "rmse": 34.54080110356908,
      "r2": 0.012097896591604096,
      "exact_match": 0.0,
      "within_5min": 0.0992063492063492,
      "within_10min": 0.20634920634920634,
      "within_15min": 0.2857142857142857
    }
  }
}